target,mission,label,image_path,is_binned,is_phase
HAT-P-11,TESS,1,C:/Users/tosun/PycharmProjects/NasaProject/scripts/raw_images/HAT-P-11_TESS_phase.png,0,1
HAT-P-11,TESS,1,C:/Users/tosun/PycharmProjects/NasaProject/scripts/raw_images/HAT-P-11_TESS_phase_binned.png,1,1
HAT-P-26,TESS,1,C:/Users/tosun/PycharmProjects/NasaProject/scripts/raw_images/HAT-P-26_TESS_phase.png,0,1
HAT-P-26,TESS,1,C:/Users/tosun/PycharmProjects/NasaProject/scripts/raw_images/HAT-P-26_TESS_phase_binned.png,1,1
HAT-P-32,TESS,1,C:/Users/tosun/PycharmProjects/NasaProject/scripts/raw_images/HAT-P-32_TESS_phase.png,0,1
HAT-P-32,TESS,1,C:/Users/tosun/PycharmProjects/NasaProject/scripts/raw_images/HAT-P-32_TESS_phase_binned.png,1,1
HAT-P-7,Kepler,1,C:/Users/tosun/PycharmProjects/NasaProject/scripts/raw_images/HAT-P-7_Kepler_phase.png,0,1
HAT-P-7,Kepler,1,C:/Users/tosun/PycharmProjects/NasaProject/scripts/raw_images/HAT-P-7_Kepler_phase_binned.png,1,1
K2-138,TESS,1,C:/Users/tosun/PycharmProjects/NasaProject/scripts/raw_images/K2-138_TESS_phase.png,0,1
K2-138,TESS,1,C:/Users/tosun/PycharmProjects/NasaProject/scripts/raw_images/K2-138_TESS_phase_binned.png,1,1
K2-18,TESS,1,C:/Users/tosun/PycharmProjects/NasaProject/scripts/raw_images/K2-18_TESS_phase.png,0,1
K2-18,TESS,1,C:/Users/tosun/PycharmProjects/NasaProject/scripts/raw_images/K2-18_TESS_phase_binned.png,1,1
K2-24,TESS,1,C:/Users/tosun/PycharmProjects/NasaProject/scripts/raw_images/K2-24_TESS_phase.png,0,1
K2-24,TESS,1,C:/Users/tosun/PycharmProjects/NasaProject/scripts/raw_images/K2-24_TESS_phase_binned.png,1,1
K2-3,TESS,1,C:/Users/tosun/PycharmProjects/NasaProject/scripts/raw_images/K2-36_TESS_phase.png,0,1
K2-36,TESS,1,C:/Users/tosun/PycharmProjects/NasaProject/scripts/raw_images/K2-36_TESS_phase.png,0,1
K2-3,TESS,1,C:/Users/tosun/PycharmProjects/NasaProject/scripts/raw_images/K2-36_TESS_phase_binned.png,1,1
K2-36,TESS,1,C:/Users/tosun/PycharmProjects/NasaProject/scripts/raw_images/K2-36_TESS_phase_binned.png,1,1
K2-3,TESS,1,C:/Users/tosun/PycharmProjects/NasaProject/scripts/raw_images/K2-3_TESS_phase.png,0,1
K2-3,TESS,1,C:/Users/tosun/PycharmProjects/NasaProject/scripts/raw_images/K2-3_TESS_phase_binned.png,1,1
Kepler-10,Kepler,1,C:/Users/tosun/PycharmProjects/NasaProject/scripts/raw_images/Kepler-100_Kepler_phase.png,0,1
Kepler-100,Kepler,1,C:/Users/tosun/PycharmProjects/NasaProject/scripts/raw_images/Kepler-100_Kepler_phase.png,0,1
Kepler-10,Kepler,1,C:/Users/tosun/PycharmProjects/NasaProject/scripts/raw_images/Kepler-100_Kepler_phase_binned.png,1,1
Kepler-100,Kepler,1,C:/Users/tosun/PycharmProjects/NasaProject/scripts/raw_images/Kepler-100_Kepler_phase_binned.png,1,1
Kepler-10,Kepler,1,C:/Users/tosun/PycharmProjects/NasaProject/scripts/raw_images/Kepler-101_Kepler_phase.png,0,1
Kepler-101,Kepler,1,C:/Users/tosun/PycharmProjects/NasaProject/scripts/raw_images/Kepler-101_Kepler_phase.png,0,1
Kepler-10,Kepler,1,C:/Users/tosun/PycharmProjects/NasaProject/scripts/raw_images/Kepler-101_Kepler_phase_binned.png,1,1
Kepler-101,Kepler,1,C:/Users/tosun/PycharmProjects/NasaProject/scripts/raw_images/Kepler-101_Kepler_phase_binned.png,1,1
Kepler-10,Kepler,1,C:/Users/tosun/PycharmProjects/NasaProject/scripts/raw_images/Kepler-102_Kepler_phase.png,0,1
Kepler-102,Kepler,1,C:/Users/tosun/PycharmProjects/NasaProject/scripts/raw_images/Kepler-102_Kepler_phase.png,0,1
Kepler-10,Kepler,1,C:/Users/tosun/PycharmProjects/NasaProject/scripts/raw_images/Kepler-102_Kepler_phase_binned.png,1,1
Kepler-102,Kepler,1,C:/Users/tosun/PycharmProjects/NasaProject/scripts/raw_images/Kepler-102_Kepler_phase_binned.png,1,1
Kepler-10,Kepler,1,C:/Users/tosun/PycharmProjects/NasaProject/scripts/raw_images/Kepler-103_Kepler_phase.png,0,1
Kepler-103,Kepler,1,C:/Users/tosun/PycharmProjects/NasaProject/scripts/raw_images/Kepler-103_Kepler_phase.png,0,1
Kepler-10,Kepler,1,C:/Users/tosun/PycharmProjects/NasaProject/scripts/raw_images/Kepler-103_Kepler_phase_binned.png,1,1
Kepler-103,Kepler,1,C:/Users/tosun/PycharmProjects/NasaProject/scripts/raw_images/Kepler-103_Kepler_phase_binned.png,1,1
Kepler-10,Kepler,1,C:/Users/tosun/PycharmProjects/NasaProject/scripts/raw_images/Kepler-104_Kepler_phase.png,0,1
Kepler-104,Kepler,1,C:/Users/tosun/PycharmProjects/NasaProject/scripts/raw_images/Kepler-104_Kepler_phase.png,0,1
Kepler-10,Kepler,1,C:/Users/tosun/PycharmProjects/NasaProject/scripts/raw_images/Kepler-104_Kepler_phase_binned.png,1,1
Kepler-104,Kepler,1,C:/Users/tosun/PycharmProjects/NasaProject/scripts/raw_images/Kepler-104_Kepler_phase_binned.png,1,1
Kepler-10,Kepler,1,C:/Users/tosun/PycharmProjects/NasaProject/scripts/raw_images/Kepler-105_Kepler_phase.png,0,1
Kepler-105,Kepler,1,C:/Users/tosun/PycharmProjects/NasaProject/scripts/raw_images/Kepler-105_Kepler_phase.png,0,1
Kepler-10,Kepler,1,C:/Users/tosun/PycharmProjects/NasaProject/scripts/raw_images/Kepler-105_Kepler_phase_binned.png,1,1
Kepler-105,Kepler,1,C:/Users/tosun/PycharmProjects/NasaProject/scripts/raw_images/Kepler-105_Kepler_phase_binned.png,1,1
Kepler-10,Kepler,1,C:/Users/tosun/PycharmProjects/NasaProject/scripts/raw_images/Kepler-106_Kepler_phase.png,0,1
Kepler-106,Kepler,1,C:/Users/tosun/PycharmProjects/NasaProject/scripts/raw_images/Kepler-106_Kepler_phase.png,0,1
Kepler-10,Kepler,1,C:/Users/tosun/PycharmProjects/NasaProject/scripts/raw_images/Kepler-106_Kepler_phase_binned.png,1,1
Kepler-106,Kepler,1,C:/Users/tosun/PycharmProjects/NasaProject/scripts/raw_images/Kepler-106_Kepler_phase_binned.png,1,1
Kepler-10,Kepler,1,C:/Users/tosun/PycharmProjects/NasaProject/scripts/raw_images/Kepler-107_Kepler_phase.png,0,1
Kepler-107,Kepler,1,C:/Users/tosun/PycharmProjects/NasaProject/scripts/raw_images/Kepler-107_Kepler_phase.png,0,1
Kepler-10,Kepler,1,C:/Users/tosun/PycharmProjects/NasaProject/scripts/raw_images/Kepler-107_Kepler_phase_binned.png,1,1
Kepler-107,Kepler,1,C:/Users/tosun/PycharmProjects/NasaProject/scripts/raw_images/Kepler-107_Kepler_phase_binned.png,1,1
Kepler-10,Kepler,1,C:/Users/tosun/PycharmProjects/NasaProject/scripts/raw_images/Kepler-108_Kepler_phase.png,0,1
Kepler-108,Kepler,1,C:/Users/tosun/PycharmProjects/NasaProject/scripts/raw_images/Kepler-108_Kepler_phase.png,0,1
Kepler-10,Kepler,1,C:/Users/tosun/PycharmProjects/NasaProject/scripts/raw_images/Kepler-108_Kepler_phase_binned.png,1,1
Kepler-108,Kepler,1,C:/Users/tosun/PycharmProjects/NasaProject/scripts/raw_images/Kepler-108_Kepler_phase_binned.png,1,1
Kepler-10,Kepler,1,C:/Users/tosun/PycharmProjects/NasaProject/scripts/raw_images/Kepler-109_Kepler_phase.png,0,1
Kepler-109,Kepler,1,C:/Users/tosun/PycharmProjects/NasaProject/scripts/raw_images/Kepler-109_Kepler_phase.png,0,1
Kepler-10,Kepler,1,C:/Users/tosun/PycharmProjects/NasaProject/scripts/raw_images/Kepler-109_Kepler_phase_binned.png,1,1
Kepler-109,Kepler,1,C:/Users/tosun/PycharmProjects/NasaProject/scripts/raw_images/Kepler-109_Kepler_phase_binned.png,1,1
Kepler-10,Kepler,1,C:/Users/tosun/PycharmProjects/NasaProject/scripts/raw_images/Kepler-10_Kepler_phase.png,0,1
Kepler-10,Kepler,1,C:/Users/tosun/PycharmProjects/NasaProject/scripts/raw_images/Kepler-10_Kepler_phase_binned.png,1,1
Kepler-11,Kepler,1,C:/Users/tosun/PycharmProjects/NasaProject/scripts/raw_images/Kepler-110_Kepler_phase.png,0,1
Kepler-110,Kepler,1,C:/Users/tosun/PycharmProjects/NasaProject/scripts/raw_images/Kepler-110_Kepler_phase.png,0,1
Kepler-11,Kepler,1,C:/Users/tosun/PycharmProjects/NasaProject/scripts/raw_images/Kepler-110_Kepler_phase_binned.png,1,1
Kepler-110,Kepler,1,C:/Users/tosun/PycharmProjects/NasaProject/scripts/raw_images/Kepler-110_Kepler_phase_binned.png,1,1
Kepler-11,Kepler,1,C:/Users/tosun/PycharmProjects/NasaProject/scripts/raw_images/Kepler-111_Kepler_phase.png,0,1
Kepler-111,Kepler,1,C:/Users/tosun/PycharmProjects/NasaProject/scripts/raw_images/Kepler-111_Kepler_phase.png,0,1
Kepler-11,Kepler,1,C:/Users/tosun/PycharmProjects/NasaProject/scripts/raw_images/Kepler-111_Kepler_phase_binned.png,1,1
Kepler-111,Kepler,1,C:/Users/tosun/PycharmProjects/NasaProject/scripts/raw_images/Kepler-111_Kepler_phase_binned.png,1,1
Kepler-11,Kepler,1,C:/Users/tosun/PycharmProjects/NasaProject/scripts/raw_images/Kepler-112_Kepler_phase.png,0,1
Kepler-112,Kepler,1,C:/Users/tosun/PycharmProjects/NasaProject/scripts/raw_images/Kepler-112_Kepler_phase.png,0,1
Kepler-11,Kepler,1,C:/Users/tosun/PycharmProjects/NasaProject/scripts/raw_images/Kepler-112_Kepler_phase_binned.png,1,1
Kepler-112,Kepler,1,C:/Users/tosun/PycharmProjects/NasaProject/scripts/raw_images/Kepler-112_Kepler_phase_binned.png,1,1
Kepler-11,Kepler,1,C:/Users/tosun/PycharmProjects/NasaProject/scripts/raw_images/Kepler-113_Kepler_phase.png,0,1
Kepler-113,Kepler,1,C:/Users/tosun/PycharmProjects/NasaProject/scripts/raw_images/Kepler-113_Kepler_phase.png,0,1
Kepler-11,Kepler,1,C:/Users/tosun/PycharmProjects/NasaProject/scripts/raw_images/Kepler-113_Kepler_phase_binned.png,1,1
Kepler-113,Kepler,1,C:/Users/tosun/PycharmProjects/NasaProject/scripts/raw_images/Kepler-113_Kepler_phase_binned.png,1,1
Kepler-11,Kepler,1,C:/Users/tosun/PycharmProjects/NasaProject/scripts/raw_images/Kepler-114_Kepler_phase.png,0,1
Kepler-114,Kepler,1,C:/Users/tosun/PycharmProjects/NasaProject/scripts/raw_images/Kepler-114_Kepler_phase.png,0,1
Kepler-11,Kepler,1,C:/Users/tosun/PycharmProjects/NasaProject/scripts/raw_images/Kepler-114_Kepler_phase_binned.png,1,1
Kepler-114,Kepler,1,C:/Users/tosun/PycharmProjects/NasaProject/scripts/raw_images/Kepler-114_Kepler_phase_binned.png,1,1
Kepler-11,Kepler,1,C:/Users/tosun/PycharmProjects/NasaProject/scripts/raw_images/Kepler-115_Kepler_phase.png,0,1
Kepler-115,Kepler,1,C:/Users/tosun/PycharmProjects/NasaProject/scripts/raw_images/Kepler-115_Kepler_phase.png,0,1
Kepler-11,Kepler,1,C:/Users/tosun/PycharmProjects/NasaProject/scripts/raw_images/Kepler-115_Kepler_phase_binned.png,1,1
Kepler-115,Kepler,1,C:/Users/tosun/PycharmProjects/NasaProject/scripts/raw_images/Kepler-115_Kepler_phase_binned.png,1,1
Kepler-11,Kepler,1,C:/Users/tosun/PycharmProjects/NasaProject/scripts/raw_images/Kepler-116_Kepler_phase.png,0,1
Kepler-116,Kepler,1,C:/Users/tosun/PycharmProjects/NasaProject/scripts/raw_images/Kepler-116_Kepler_phase.png,0,1
Kepler-11,Kepler,1,C:/Users/tosun/PycharmProjects/NasaProject/scripts/raw_images/Kepler-116_Kepler_phase_binned.png,1,1
Kepler-116,Kepler,1,C:/Users/tosun/PycharmProjects/NasaProject/scripts/raw_images/Kepler-116_Kepler_phase_binned.png,1,1
Kepler-11,Kepler,1,C:/Users/tosun/PycharmProjects/NasaProject/scripts/raw_images/Kepler-117_Kepler_phase.png,0,1
Kepler-117,Kepler,1,C:/Users/tosun/PycharmProjects/NasaProject/scripts/raw_images/Kepler-117_Kepler_phase.png,0,1
Kepler-11,Kepler,1,C:/Users/tosun/PycharmProjects/NasaProject/scripts/raw_images/Kepler-117_Kepler_phase_binned.png,1,1
Kepler-117,Kepler,1,C:/Users/tosun/PycharmProjects/NasaProject/scripts/raw_images/Kepler-117_Kepler_phase_binned.png,1,1
Kepler-11,Kepler,1,C:/Users/tosun/PycharmProjects/NasaProject/scripts/raw_images/Kepler-118_Kepler_phase.png,0,1
Kepler-118,Kepler,1,C:/Users/tosun/PycharmProjects/NasaProject/scripts/raw_images/Kepler-118_Kepler_phase.png,0,1
Kepler-11,Kepler,1,C:/Users/tosun/PycharmProjects/NasaProject/scripts/raw_images/Kepler-118_Kepler_phase_binned.png,1,1
Kepler-118,Kepler,1,C:/Users/tosun/PycharmProjects/NasaProject/scripts/raw_images/Kepler-118_Kepler_phase_binned.png,1,1
Kepler-11,Kepler,1,C:/Users/tosun/PycharmProjects/NasaProject/scripts/raw_images/Kepler-119_Kepler_phase.png,0,1
Kepler-119,Kepler,1,C:/Users/tosun/PycharmProjects/NasaProject/scripts/raw_images/Kepler-119_Kepler_phase.png,0,1
Kepler-11,Kepler,1,C:/Users/tosun/PycharmProjects/NasaProject/scripts/raw_images/Kepler-119_Kepler_phase_binned.png,1,1
Kepler-119,Kepler,1,C:/Users/tosun/PycharmProjects/NasaProject/scripts/raw_images/Kepler-119_Kepler_phase_binned.png,1,1
Kepler-11,Kepler,1,C:/Users/tosun/PycharmProjects/NasaProject/scripts/raw_images/Kepler-11_Kepler_phase.png,0,1
Kepler-11,Kepler,1,C:/Users/tosun/PycharmProjects/NasaProject/scripts/raw_images/Kepler-11_Kepler_phase_binned.png,1,1
Kepler-12,Kepler,1,C:/Users/tosun/PycharmProjects/NasaProject/scripts/raw_images/Kepler-120_Kepler_phase.png,0,1
Kepler-120,Kepler,1,C:/Users/tosun/PycharmProjects/NasaProject/scripts/raw_images/Kepler-120_Kepler_phase.png,0,1
Kepler-12,Kepler,1,C:/Users/tosun/PycharmProjects/NasaProject/scripts/raw_images/Kepler-120_Kepler_phase_binned.png,1,1
Kepler-120,Kepler,1,C:/Users/tosun/PycharmProjects/NasaProject/scripts/raw_images/Kepler-120_Kepler_phase_binned.png,1,1
Kepler-12,Kepler,1,C:/Users/tosun/PycharmProjects/NasaProject/scripts/raw_images/Kepler-121_Kepler_phase.png,0,1
Kepler-121,Kepler,1,C:/Users/tosun/PycharmProjects/NasaProject/scripts/raw_images/Kepler-121_Kepler_phase.png,0,1
Kepler-12,Kepler,1,C:/Users/tosun/PycharmProjects/NasaProject/scripts/raw_images/Kepler-121_Kepler_phase_binned.png,1,1
Kepler-121,Kepler,1,C:/Users/tosun/PycharmProjects/NasaProject/scripts/raw_images/Kepler-121_Kepler_phase_binned.png,1,1
Kepler-12,Kepler,1,C:/Users/tosun/PycharmProjects/NasaProject/scripts/raw_images/Kepler-122_Kepler_phase.png,0,1
Kepler-122,Kepler,1,C:/Users/tosun/PycharmProjects/NasaProject/scripts/raw_images/Kepler-122_Kepler_phase.png,0,1
Kepler-12,Kepler,1,C:/Users/tosun/PycharmProjects/NasaProject/scripts/raw_images/Kepler-122_Kepler_phase_binned.png,1,1
Kepler-122,Kepler,1,C:/Users/tosun/PycharmProjects/NasaProject/scripts/raw_images/Kepler-122_Kepler_phase_binned.png,1,1
Kepler-12,Kepler,1,C:/Users/tosun/PycharmProjects/NasaProject/scripts/raw_images/Kepler-123_Kepler_phase.png,0,1
Kepler-123,Kepler,1,C:/Users/tosun/PycharmProjects/NasaProject/scripts/raw_images/Kepler-123_Kepler_phase.png,0,1
Kepler-12,Kepler,1,C:/Users/tosun/PycharmProjects/NasaProject/scripts/raw_images/Kepler-123_Kepler_phase_binned.png,1,1
Kepler-123,Kepler,1,C:/Users/tosun/PycharmProjects/NasaProject/scripts/raw_images/Kepler-123_Kepler_phase_binned.png,1,1
Kepler-12,Kepler,1,C:/Users/tosun/PycharmProjects/NasaProject/scripts/raw_images/Kepler-124_Kepler_phase.png,0,1
Kepler-124,Kepler,1,C:/Users/tosun/PycharmProjects/NasaProject/scripts/raw_images/Kepler-124_Kepler_phase.png,0,1
Kepler-12,Kepler,1,C:/Users/tosun/PycharmProjects/NasaProject/scripts/raw_images/Kepler-124_Kepler_phase_binned.png,1,1
Kepler-124,Kepler,1,C:/Users/tosun/PycharmProjects/NasaProject/scripts/raw_images/Kepler-124_Kepler_phase_binned.png,1,1
Kepler-12,Kepler,1,C:/Users/tosun/PycharmProjects/NasaProject/scripts/raw_images/Kepler-125_Kepler_phase.png,0,1
Kepler-125,Kepler,1,C:/Users/tosun/PycharmProjects/NasaProject/scripts/raw_images/Kepler-125_Kepler_phase.png,0,1
Kepler-12,Kepler,1,C:/Users/tosun/PycharmProjects/NasaProject/scripts/raw_images/Kepler-125_Kepler_phase_binned.png,1,1
Kepler-125,Kepler,1,C:/Users/tosun/PycharmProjects/NasaProject/scripts/raw_images/Kepler-125_Kepler_phase_binned.png,1,1
Kepler-12,Kepler,1,C:/Users/tosun/PycharmProjects/NasaProject/scripts/raw_images/Kepler-126_Kepler_phase.png,0,1
Kepler-126,Kepler,1,C:/Users/tosun/PycharmProjects/NasaProject/scripts/raw_images/Kepler-126_Kepler_phase.png,0,1
Kepler-12,Kepler,1,C:/Users/tosun/PycharmProjects/NasaProject/scripts/raw_images/Kepler-126_Kepler_phase_binned.png,1,1
Kepler-126,Kepler,1,C:/Users/tosun/PycharmProjects/NasaProject/scripts/raw_images/Kepler-126_Kepler_phase_binned.png,1,1
Kepler-12,Kepler,1,C:/Users/tosun/PycharmProjects/NasaProject/scripts/raw_images/Kepler-12_Kepler_phase.png,0,1
Kepler-12,Kepler,1,C:/Users/tosun/PycharmProjects/NasaProject/scripts/raw_images/Kepler-12_Kepler_phase_binned.png,1,1
Kepler-13,Kepler,1,C:/Users/tosun/PycharmProjects/NasaProject/scripts/raw_images/Kepler-13_Kepler_phase.png,0,1
Kepler-13,Kepler,1,C:/Users/tosun/PycharmProjects/NasaProject/scripts/raw_images/Kepler-13_Kepler_phase_binned.png,1,1
Kepler-14,Kepler,1,C:/Users/tosun/PycharmProjects/NasaProject/scripts/raw_images/Kepler-14_Kepler_phase.png,0,1
Kepler-14,Kepler,1,C:/Users/tosun/PycharmProjects/NasaProject/scripts/raw_images/Kepler-14_Kepler_phase_binned.png,1,1
Kepler-15,Kepler,1,C:/Users/tosun/PycharmProjects/NasaProject/scripts/raw_images/Kepler-15_Kepler_phase.png,0,1
Kepler-15,Kepler,1,C:/Users/tosun/PycharmProjects/NasaProject/scripts/raw_images/Kepler-15_Kepler_phase_binned.png,1,1
Kepler-1658,Kepler,1,C:/Users/tosun/PycharmProjects/NasaProject/scripts/raw_images/Kepler-1658_Kepler_phase.png,0,1
Kepler-16,Kepler,1,C:/Users/tosun/PycharmProjects/NasaProject/scripts/raw_images/Kepler-1658_Kepler_phase.png,0,1
Kepler-1658,Kepler,1,C:/Users/tosun/PycharmProjects/NasaProject/scripts/raw_images/Kepler-1658_Kepler_phase_binned.png,1,1
Kepler-16,Kepler,1,C:/Users/tosun/PycharmProjects/NasaProject/scripts/raw_images/Kepler-1658_Kepler_phase_binned.png,1,1
Kepler-16,Kepler,1,C:/Users/tosun/PycharmProjects/NasaProject/scripts/raw_images/Kepler-16_Kepler_phase.png,0,1
Kepler-16,Kepler,1,C:/Users/tosun/PycharmProjects/NasaProject/scripts/raw_images/Kepler-16_Kepler_phase_binned.png,1,1
Kepler-17,Kepler,1,C:/Users/tosun/PycharmProjects/NasaProject/scripts/raw_images/Kepler-17_Kepler_phase.png,0,1
Kepler-17,Kepler,1,C:/Users/tosun/PycharmProjects/NasaProject/scripts/raw_images/Kepler-17_Kepler_phase_binned.png,1,1
Kepler-18,Kepler,1,C:/Users/tosun/PycharmProjects/NasaProject/scripts/raw_images/Kepler-186_Kepler_phase.png,0,1
Kepler-186,Kepler,1,C:/Users/tosun/PycharmProjects/NasaProject/scripts/raw_images/Kepler-186_Kepler_phase.png,0,1
Kepler-18,Kepler,1,C:/Users/tosun/PycharmProjects/NasaProject/scripts/raw_images/Kepler-186_Kepler_phase_binned.png,1,1
Kepler-186,Kepler,1,C:/Users/tosun/PycharmProjects/NasaProject/scripts/raw_images/Kepler-186_Kepler_phase_binned.png,1,1
Kepler-18,Kepler,1,C:/Users/tosun/PycharmProjects/NasaProject/scripts/raw_images/Kepler-18_Kepler_phase.png,0,1
Kepler-18,Kepler,1,C:/Users/tosun/PycharmProjects/NasaProject/scripts/raw_images/Kepler-18_Kepler_phase_binned.png,1,1
Kepler-19,Kepler,1,C:/Users/tosun/PycharmProjects/NasaProject/scripts/raw_images/Kepler-19_Kepler_phase.png,0,1
Kepler-19,Kepler,1,C:/Users/tosun/PycharmProjects/NasaProject/scripts/raw_images/Kepler-19_Kepler_phase_binned.png,1,1
Kepler-20,Kepler,1,C:/Users/tosun/PycharmProjects/NasaProject/scripts/raw_images/Kepler-20_Kepler_phase.png,0,1
Kepler-20,Kepler,1,C:/Users/tosun/PycharmProjects/NasaProject/scripts/raw_images/Kepler-20_Kepler_phase_binned.png,1,1
Kepler-21,Kepler,1,C:/Users/tosun/PycharmProjects/NasaProject/scripts/raw_images/Kepler-21_Kepler_phase.png,0,1
Kepler-21,Kepler,1,C:/Users/tosun/PycharmProjects/NasaProject/scripts/raw_images/Kepler-21_Kepler_phase_binned.png,1,1
Kepler-22,Kepler,1,C:/Users/tosun/PycharmProjects/NasaProject/scripts/raw_images/Kepler-22_Kepler_phase.png,0,1
Kepler-22,Kepler,1,C:/Users/tosun/PycharmProjects/NasaProject/scripts/raw_images/Kepler-22_Kepler_phase_binned.png,1,1
Kepler-23,Kepler,1,C:/Users/tosun/PycharmProjects/NasaProject/scripts/raw_images/Kepler-23_Kepler_phase.png,0,1
Kepler-23,Kepler,1,C:/Users/tosun/PycharmProjects/NasaProject/scripts/raw_images/Kepler-23_Kepler_phase_binned.png,1,1
Kepler-24,Kepler,1,C:/Users/tosun/PycharmProjects/NasaProject/scripts/raw_images/Kepler-24_Kepler_phase.png,0,1
Kepler-24,Kepler,1,C:/Users/tosun/PycharmProjects/NasaProject/scripts/raw_images/Kepler-24_Kepler_phase_binned.png,1,1
Kepler-25,Kepler,1,C:/Users/tosun/PycharmProjects/NasaProject/scripts/raw_images/Kepler-25_Kepler_phase.png,0,1
Kepler-25,Kepler,1,C:/Users/tosun/PycharmProjects/NasaProject/scripts/raw_images/Kepler-25_Kepler_phase_binned.png,1,1
Kepler-26,Kepler,1,C:/Users/tosun/PycharmProjects/NasaProject/scripts/raw_images/Kepler-26_Kepler_phase.png,0,1
Kepler-26,Kepler,1,C:/Users/tosun/PycharmProjects/NasaProject/scripts/raw_images/Kepler-26_Kepler_phase_binned.png,1,1
Kepler-27,Kepler,1,C:/Users/tosun/PycharmProjects/NasaProject/scripts/raw_images/Kepler-27_Kepler_phase.png,0,1
Kepler-27,Kepler,1,C:/Users/tosun/PycharmProjects/NasaProject/scripts/raw_images/Kepler-27_Kepler_phase_binned.png,1,1
Kepler-283,Kepler,1,C:/Users/tosun/PycharmProjects/NasaProject/scripts/raw_images/Kepler-283_Kepler_phase.png,0,1
Kepler-28,Kepler,1,C:/Users/tosun/PycharmProjects/NasaProject/scripts/raw_images/Kepler-283_Kepler_phase.png,0,1
Kepler-283,Kepler,1,C:/Users/tosun/PycharmProjects/NasaProject/scripts/raw_images/Kepler-283_Kepler_phase_binned.png,1,1
Kepler-28,Kepler,1,C:/Users/tosun/PycharmProjects/NasaProject/scripts/raw_images/Kepler-283_Kepler_phase_binned.png,1,1
Kepler-289,Kepler,1,C:/Users/tosun/PycharmProjects/NasaProject/scripts/raw_images/Kepler-289_Kepler_phase.png,0,1
Kepler-28,Kepler,1,C:/Users/tosun/PycharmProjects/NasaProject/scripts/raw_images/Kepler-289_Kepler_phase.png,0,1
Kepler-289,Kepler,1,C:/Users/tosun/PycharmProjects/NasaProject/scripts/raw_images/Kepler-289_Kepler_phase_binned.png,1,1
Kepler-28,Kepler,1,C:/Users/tosun/PycharmProjects/NasaProject/scripts/raw_images/Kepler-289_Kepler_phase_binned.png,1,1
Kepler-28,Kepler,1,C:/Users/tosun/PycharmProjects/NasaProject/scripts/raw_images/Kepler-28_Kepler_phase.png,0,1
Kepler-28,Kepler,1,C:/Users/tosun/PycharmProjects/NasaProject/scripts/raw_images/Kepler-28_Kepler_phase_binned.png,1,1
Kepler-296,Kepler,1,C:/Users/tosun/PycharmProjects/NasaProject/scripts/raw_images/Kepler-296_Kepler_phase.png,0,1
Kepler-29,Kepler,1,C:/Users/tosun/PycharmProjects/NasaProject/scripts/raw_images/Kepler-296_Kepler_phase.png,0,1
Kepler-296,Kepler,1,C:/Users/tosun/PycharmProjects/NasaProject/scripts/raw_images/Kepler-296_Kepler_phase_binned.png,1,1
Kepler-29,Kepler,1,C:/Users/tosun/PycharmProjects/NasaProject/scripts/raw_images/Kepler-296_Kepler_phase_binned.png,1,1
Kepler-29,Kepler,1,C:/Users/tosun/PycharmProjects/NasaProject/scripts/raw_images/Kepler-29_Kepler_phase.png,0,1
Kepler-29,Kepler,1,C:/Users/tosun/PycharmProjects/NasaProject/scripts/raw_images/Kepler-29_Kepler_phase_binned.png,1,1
Kepler-30,Kepler,1,C:/Users/tosun/PycharmProjects/NasaProject/scripts/raw_images/Kepler-30_Kepler_phase.png,0,1
Kepler-30,Kepler,1,C:/Users/tosun/PycharmProjects/NasaProject/scripts/raw_images/Kepler-30_Kepler_phase_binned.png,1,1
Kepler-31,Kepler,1,C:/Users/tosun/PycharmProjects/NasaProject/scripts/raw_images/Kepler-31_Kepler_phase.png,0,1
Kepler-31,Kepler,1,C:/Users/tosun/PycharmProjects/NasaProject/scripts/raw_images/Kepler-31_Kepler_phase_binned.png,1,1
Kepler-32,Kepler,1,C:/Users/tosun/PycharmProjects/NasaProject/scripts/raw_images/Kepler-32_Kepler_phase.png,0,1
Kepler-32,Kepler,1,C:/Users/tosun/PycharmProjects/NasaProject/scripts/raw_images/Kepler-32_Kepler_phase_binned.png,1,1
Kepler-338,Kepler,1,C:/Users/tosun/PycharmProjects/NasaProject/scripts/raw_images/Kepler-338_Kepler_phase.png,0,1
Kepler-33,Kepler,1,C:/Users/tosun/PycharmProjects/NasaProject/scripts/raw_images/Kepler-338_Kepler_phase.png,0,1
Kepler-338,Kepler,1,C:/Users/tosun/PycharmProjects/NasaProject/scripts/raw_images/Kepler-338_Kepler_phase_binned.png,1,1
Kepler-33,Kepler,1,C:/Users/tosun/PycharmProjects/NasaProject/scripts/raw_images/Kepler-338_Kepler_phase_binned.png,1,1
Kepler-33,Kepler,1,C:/Users/tosun/PycharmProjects/NasaProject/scripts/raw_images/Kepler-33_Kepler_phase.png,0,1
Kepler-33,Kepler,1,C:/Users/tosun/PycharmProjects/NasaProject/scripts/raw_images/Kepler-33_Kepler_phase_binned.png,1,1
Kepler-34,Kepler,1,C:/Users/tosun/PycharmProjects/NasaProject/scripts/raw_images/Kepler-34_Kepler_phase.png,0,1
Kepler-34,Kepler,1,C:/Users/tosun/PycharmProjects/NasaProject/scripts/raw_images/Kepler-34_Kepler_phase_binned.png,1,1
Kepler-35,Kepler,1,C:/Users/tosun/PycharmProjects/NasaProject/scripts/raw_images/Kepler-35_Kepler_phase.png,0,1
Kepler-35,Kepler,1,C:/Users/tosun/PycharmProjects/NasaProject/scripts/raw_images/Kepler-35_Kepler_phase_binned.png,1,1
Kepler-36,Kepler,1,C:/Users/tosun/PycharmProjects/NasaProject/scripts/raw_images/Kepler-36_Kepler_phase.png,0,1
Kepler-36,Kepler,1,C:/Users/tosun/PycharmProjects/NasaProject/scripts/raw_images/Kepler-36_Kepler_phase_binned.png,1,1
Kepler-37,Kepler,1,C:/Users/tosun/PycharmProjects/NasaProject/scripts/raw_images/Kepler-37_Kepler_phase.png,0,1
Kepler-37,Kepler,1,C:/Users/tosun/PycharmProjects/NasaProject/scripts/raw_images/Kepler-37_Kepler_phase_binned.png,1,1
Kepler-38,Kepler,1,C:/Users/tosun/PycharmProjects/NasaProject/scripts/raw_images/Kepler-38_Kepler_phase.png,0,1
Kepler-38,Kepler,1,C:/Users/tosun/PycharmProjects/NasaProject/scripts/raw_images/Kepler-38_Kepler_phase_binned.png,1,1
Kepler-396,Kepler,1,C:/Users/tosun/PycharmProjects/NasaProject/scripts/raw_images/Kepler-396_Kepler_phase.png,0,1
Kepler-39,Kepler,1,C:/Users/tosun/PycharmProjects/NasaProject/scripts/raw_images/Kepler-396_Kepler_phase.png,0,1
Kepler-396,Kepler,1,C:/Users/tosun/PycharmProjects/NasaProject/scripts/raw_images/Kepler-396_Kepler_phase_binned.png,1,1
Kepler-39,Kepler,1,C:/Users/tosun/PycharmProjects/NasaProject/scripts/raw_images/Kepler-396_Kepler_phase_binned.png,1,1
Kepler-39,Kepler,1,C:/Users/tosun/PycharmProjects/NasaProject/scripts/raw_images/Kepler-39_Kepler_phase.png,0,1
Kepler-39,Kepler,1,C:/Users/tosun/PycharmProjects/NasaProject/scripts/raw_images/Kepler-39_Kepler_phase_binned.png,1,1
Kepler-4,Kepler,1,C:/Users/tosun/PycharmProjects/NasaProject/scripts/raw_images/Kepler-408_Kepler_phase.png,0,1
Kepler-408,Kepler,1,C:/Users/tosun/PycharmProjects/NasaProject/scripts/raw_images/Kepler-408_Kepler_phase.png,0,1
Kepler-40,Kepler,1,C:/Users/tosun/PycharmProjects/NasaProject/scripts/raw_images/Kepler-408_Kepler_phase.png,0,1
Kepler-4,Kepler,1,C:/Users/tosun/PycharmProjects/NasaProject/scripts/raw_images/Kepler-408_Kepler_phase_binned.png,1,1
Kepler-408,Kepler,1,C:/Users/tosun/PycharmProjects/NasaProject/scripts/raw_images/Kepler-408_Kepler_phase_binned.png,1,1
Kepler-40,Kepler,1,C:/Users/tosun/PycharmProjects/NasaProject/scripts/raw_images/Kepler-408_Kepler_phase_binned.png,1,1
Kepler-409,Kepler,1,C:/Users/tosun/PycharmProjects/NasaProject/scripts/raw_images/Kepler-409_Kepler_phase.png,0,1
Kepler-4,Kepler,1,C:/Users/tosun/PycharmProjects/NasaProject/scripts/raw_images/Kepler-409_Kepler_phase.png,0,1
Kepler-40,Kepler,1,C:/Users/tosun/PycharmProjects/NasaProject/scripts/raw_images/Kepler-409_Kepler_phase.png,0,1
Kepler-409,Kepler,1,C:/Users/tosun/PycharmProjects/NasaProject/scripts/raw_images/Kepler-409_Kepler_phase_binned.png,1,1
Kepler-4,Kepler,1,C:/Users/tosun/PycharmProjects/NasaProject/scripts/raw_images/Kepler-409_Kepler_phase_binned.png,1,1
Kepler-40,Kepler,1,C:/Users/tosun/PycharmProjects/NasaProject/scripts/raw_images/Kepler-409_Kepler_phase_binned.png,1,1
Kepler-4,Kepler,1,C:/Users/tosun/PycharmProjects/NasaProject/scripts/raw_images/Kepler-40_Kepler_phase.png,0,1
Kepler-40,Kepler,1,C:/Users/tosun/PycharmProjects/NasaProject/scripts/raw_images/Kepler-40_Kepler_phase.png,0,1
Kepler-4,Kepler,1,C:/Users/tosun/PycharmProjects/NasaProject/scripts/raw_images/Kepler-40_Kepler_phase_binned.png,1,1
Kepler-40,Kepler,1,C:/Users/tosun/PycharmProjects/NasaProject/scripts/raw_images/Kepler-40_Kepler_phase_binned.png,1,1
Kepler-4,Kepler,1,C:/Users/tosun/PycharmProjects/NasaProject/scripts/raw_images/Kepler-41_Kepler_phase.png,0,1
Kepler-41,Kepler,1,C:/Users/tosun/PycharmProjects/NasaProject/scripts/raw_images/Kepler-41_Kepler_phase.png,0,1
Kepler-4,Kepler,1,C:/Users/tosun/PycharmProjects/NasaProject/scripts/raw_images/Kepler-41_Kepler_phase_binned.png,1,1
Kepler-41,Kepler,1,C:/Users/tosun/PycharmProjects/NasaProject/scripts/raw_images/Kepler-41_Kepler_phase_binned.png,1,1
Kepler-4,Kepler,1,C:/Users/tosun/PycharmProjects/NasaProject/scripts/raw_images/Kepler-42_Kepler_phase.png,0,1
Kepler-42,Kepler,1,C:/Users/tosun/PycharmProjects/NasaProject/scripts/raw_images/Kepler-42_Kepler_phase.png,0,1
Kepler-4,Kepler,1,C:/Users/tosun/PycharmProjects/NasaProject/scripts/raw_images/Kepler-42_Kepler_phase_binned.png,1,1
Kepler-42,Kepler,1,C:/Users/tosun/PycharmProjects/NasaProject/scripts/raw_images/Kepler-42_Kepler_phase_binned.png,1,1
Kepler-4,Kepler,1,C:/Users/tosun/PycharmProjects/NasaProject/scripts/raw_images/Kepler-43_Kepler_phase.png,0,1
Kepler-43,Kepler,1,C:/Users/tosun/PycharmProjects/NasaProject/scripts/raw_images/Kepler-43_Kepler_phase.png,0,1
Kepler-4,Kepler,1,C:/Users/tosun/PycharmProjects/NasaProject/scripts/raw_images/Kepler-43_Kepler_phase_binned.png,1,1
Kepler-43,Kepler,1,C:/Users/tosun/PycharmProjects/NasaProject/scripts/raw_images/Kepler-43_Kepler_phase_binned.png,1,1
Kepler-442,Kepler,1,C:/Users/tosun/PycharmProjects/NasaProject/scripts/raw_images/Kepler-442_Kepler_phase.png,0,1
Kepler-4,Kepler,1,C:/Users/tosun/PycharmProjects/NasaProject/scripts/raw_images/Kepler-442_Kepler_phase.png,0,1
Kepler-442,Kepler,1,C:/Users/tosun/PycharmProjects/NasaProject/scripts/raw_images/Kepler-442_Kepler_phase_binned.png,1,1
Kepler-4,Kepler,1,C:/Users/tosun/PycharmProjects/NasaProject/scripts/raw_images/Kepler-442_Kepler_phase_binned.png,1,1
Kepler-444,Kepler,1,C:/Users/tosun/PycharmProjects/NasaProject/scripts/raw_images/Kepler-444_Kepler_phase.png,0,1
Kepler-4,Kepler,1,C:/Users/tosun/PycharmProjects/NasaProject/scripts/raw_images/Kepler-444_Kepler_phase.png,0,1
Kepler-444,Kepler,1,C:/Users/tosun/PycharmProjects/NasaProject/scripts/raw_images/Kepler-444_Kepler_phase_binned.png,1,1
Kepler-4,Kepler,1,C:/Users/tosun/PycharmProjects/NasaProject/scripts/raw_images/Kepler-444_Kepler_phase_binned.png,1,1
Kepler-452,Kepler,1,C:/Users/tosun/PycharmProjects/NasaProject/scripts/raw_images/Kepler-452_Kepler_phase.png,0,1
Kepler-4,Kepler,1,C:/Users/tosun/PycharmProjects/NasaProject/scripts/raw_images/Kepler-452_Kepler_phase.png,0,1
Kepler-45,Kepler,1,C:/Users/tosun/PycharmProjects/NasaProject/scripts/raw_images/Kepler-452_Kepler_phase.png,0,1
Kepler-452,Kepler,1,C:/Users/tosun/PycharmProjects/NasaProject/scripts/raw_images/Kepler-452_Kepler_phase_binned.png,1,1
Kepler-4,Kepler,1,C:/Users/tosun/PycharmProjects/NasaProject/scripts/raw_images/Kepler-452_Kepler_phase_binned.png,1,1
Kepler-45,Kepler,1,C:/Users/tosun/PycharmProjects/NasaProject/scripts/raw_images/Kepler-452_Kepler_phase_binned.png,1,1
Kepler-4,Kepler,1,C:/Users/tosun/PycharmProjects/NasaProject/scripts/raw_images/Kepler-45_Kepler_phase.png,0,1
Kepler-45,Kepler,1,C:/Users/tosun/PycharmProjects/NasaProject/scripts/raw_images/Kepler-45_Kepler_phase.png,0,1
Kepler-4,Kepler,1,C:/Users/tosun/PycharmProjects/NasaProject/scripts/raw_images/Kepler-45_Kepler_phase_binned.png,1,1
Kepler-45,Kepler,1,C:/Users/tosun/PycharmProjects/NasaProject/scripts/raw_images/Kepler-45_Kepler_phase_binned.png,1,1
Kepler-4,Kepler,1,C:/Users/tosun/PycharmProjects/NasaProject/scripts/raw_images/Kepler-47_Kepler_phase.png,0,1
Kepler-47,Kepler,1,C:/Users/tosun/PycharmProjects/NasaProject/scripts/raw_images/Kepler-47_Kepler_phase.png,0,1
Kepler-4,Kepler,1,C:/Users/tosun/PycharmProjects/NasaProject/scripts/raw_images/Kepler-47_Kepler_phase_binned.png,1,1
Kepler-47,Kepler,1,C:/Users/tosun/PycharmProjects/NasaProject/scripts/raw_images/Kepler-47_Kepler_phase_binned.png,1,1
Kepler-4,Kepler,1,C:/Users/tosun/PycharmProjects/NasaProject/scripts/raw_images/Kepler-48_Kepler_phase.png,0,1
Kepler-48,Kepler,1,C:/Users/tosun/PycharmProjects/NasaProject/scripts/raw_images/Kepler-48_Kepler_phase.png,0,1
Kepler-4,Kepler,1,C:/Users/tosun/PycharmProjects/NasaProject/scripts/raw_images/Kepler-48_Kepler_phase_binned.png,1,1
Kepler-48,Kepler,1,C:/Users/tosun/PycharmProjects/NasaProject/scripts/raw_images/Kepler-48_Kepler_phase_binned.png,1,1
Kepler-4,Kepler,1,C:/Users/tosun/PycharmProjects/NasaProject/scripts/raw_images/Kepler-49_Kepler_phase.png,0,1
Kepler-49,Kepler,1,C:/Users/tosun/PycharmProjects/NasaProject/scripts/raw_images/Kepler-49_Kepler_phase.png,0,1
Kepler-4,Kepler,1,C:/Users/tosun/PycharmProjects/NasaProject/scripts/raw_images/Kepler-49_Kepler_phase_binned.png,1,1
Kepler-49,Kepler,1,C:/Users/tosun/PycharmProjects/NasaProject/scripts/raw_images/Kepler-49_Kepler_phase_binned.png,1,1
Kepler-4,Kepler,1,C:/Users/tosun/PycharmProjects/NasaProject/scripts/raw_images/Kepler-4_Kepler_phase.png,0,1
Kepler-4,Kepler,1,C:/Users/tosun/PycharmProjects/NasaProject/scripts/raw_images/Kepler-4_Kepler_phase_binned.png,1,1
Kepler-51,Kepler,1,C:/Users/tosun/PycharmProjects/NasaProject/scripts/raw_images/Kepler-51_Kepler_phase.png,0,1
Kepler-5,Kepler,1,C:/Users/tosun/PycharmProjects/NasaProject/scripts/raw_images/Kepler-51_Kepler_phase.png,0,1
Kepler-51,Kepler,1,C:/Users/tosun/PycharmProjects/NasaProject/scripts/raw_images/Kepler-51_Kepler_phase_binned.png,1,1
Kepler-5,Kepler,1,C:/Users/tosun/PycharmProjects/NasaProject/scripts/raw_images/Kepler-51_Kepler_phase_binned.png,1,1
Kepler-5,Kepler,1,C:/Users/tosun/PycharmProjects/NasaProject/scripts/raw_images/Kepler-52_Kepler_phase.png,0,1
Kepler-52,Kepler,1,C:/Users/tosun/PycharmProjects/NasaProject/scripts/raw_images/Kepler-52_Kepler_phase.png,0,1
Kepler-5,Kepler,1,C:/Users/tosun/PycharmProjects/NasaProject/scripts/raw_images/Kepler-52_Kepler_phase_binned.png,1,1
Kepler-52,Kepler,1,C:/Users/tosun/PycharmProjects/NasaProject/scripts/raw_images/Kepler-52_Kepler_phase_binned.png,1,1
Kepler-5,Kepler,1,C:/Users/tosun/PycharmProjects/NasaProject/scripts/raw_images/Kepler-54_Kepler_phase.png,0,1
Kepler-54,Kepler,1,C:/Users/tosun/PycharmProjects/NasaProject/scripts/raw_images/Kepler-54_Kepler_phase.png,0,1
Kepler-5,Kepler,1,C:/Users/tosun/PycharmProjects/NasaProject/scripts/raw_images/Kepler-54_Kepler_phase_binned.png,1,1
Kepler-54,Kepler,1,C:/Users/tosun/PycharmProjects/NasaProject/scripts/raw_images/Kepler-54_Kepler_phase_binned.png,1,1
Kepler-5,Kepler,1,C:/Users/tosun/PycharmProjects/NasaProject/scripts/raw_images/Kepler-55_Kepler_phase.png,0,1
Kepler-55,Kepler,1,C:/Users/tosun/PycharmProjects/NasaProject/scripts/raw_images/Kepler-55_Kepler_phase.png,0,1
Kepler-5,Kepler,1,C:/Users/tosun/PycharmProjects/NasaProject/scripts/raw_images/Kepler-55_Kepler_phase_binned.png,1,1
Kepler-55,Kepler,1,C:/Users/tosun/PycharmProjects/NasaProject/scripts/raw_images/Kepler-55_Kepler_phase_binned.png,1,1
Kepler-5,Kepler,1,C:/Users/tosun/PycharmProjects/NasaProject/scripts/raw_images/Kepler-56_Kepler_phase.png,0,1
Kepler-56,Kepler,1,C:/Users/tosun/PycharmProjects/NasaProject/scripts/raw_images/Kepler-56_Kepler_phase.png,0,1
Kepler-5,Kepler,1,C:/Users/tosun/PycharmProjects/NasaProject/scripts/raw_images/Kepler-56_Kepler_phase_binned.png,1,1
Kepler-56,Kepler,1,C:/Users/tosun/PycharmProjects/NasaProject/scripts/raw_images/Kepler-56_Kepler_phase_binned.png,1,1
Kepler-5,Kepler,1,C:/Users/tosun/PycharmProjects/NasaProject/scripts/raw_images/Kepler-57_Kepler_phase.png,0,1
Kepler-57,Kepler,1,C:/Users/tosun/PycharmProjects/NasaProject/scripts/raw_images/Kepler-57_Kepler_phase.png,0,1
Kepler-5,Kepler,1,C:/Users/tosun/PycharmProjects/NasaProject/scripts/raw_images/Kepler-57_Kepler_phase_binned.png,1,1
Kepler-57,Kepler,1,C:/Users/tosun/PycharmProjects/NasaProject/scripts/raw_images/Kepler-57_Kepler_phase_binned.png,1,1
Kepler-5,Kepler,1,C:/Users/tosun/PycharmProjects/NasaProject/scripts/raw_images/Kepler-59_Kepler_phase.png,0,1
Kepler-59,Kepler,1,C:/Users/tosun/PycharmProjects/NasaProject/scripts/raw_images/Kepler-59_Kepler_phase.png,0,1
Kepler-5,Kepler,1,C:/Users/tosun/PycharmProjects/NasaProject/scripts/raw_images/Kepler-59_Kepler_phase_binned.png,1,1
Kepler-59,Kepler,1,C:/Users/tosun/PycharmProjects/NasaProject/scripts/raw_images/Kepler-59_Kepler_phase_binned.png,1,1
Kepler-5,Kepler,1,C:/Users/tosun/PycharmProjects/NasaProject/scripts/raw_images/Kepler-5_Kepler_phase.png,0,1
Kepler-5,Kepler,1,C:/Users/tosun/PycharmProjects/NasaProject/scripts/raw_images/Kepler-5_Kepler_phase_binned.png,1,1
Kepler-6,Kepler,1,C:/Users/tosun/PycharmProjects/NasaProject/scripts/raw_images/Kepler-60_Kepler_phase.png,0,1
Kepler-60,Kepler,1,C:/Users/tosun/PycharmProjects/NasaProject/scripts/raw_images/Kepler-60_Kepler_phase.png,0,1
Kepler-6,Kepler,1,C:/Users/tosun/PycharmProjects/NasaProject/scripts/raw_images/Kepler-60_Kepler_phase_binned.png,1,1
Kepler-60,Kepler,1,C:/Users/tosun/PycharmProjects/NasaProject/scripts/raw_images/Kepler-60_Kepler_phase_binned.png,1,1
Kepler-6,Kepler,1,C:/Users/tosun/PycharmProjects/NasaProject/scripts/raw_images/Kepler-61_Kepler_phase.png,0,1
Kepler-61,Kepler,1,C:/Users/tosun/PycharmProjects/NasaProject/scripts/raw_images/Kepler-61_Kepler_phase.png,0,1
Kepler-6,Kepler,1,C:/Users/tosun/PycharmProjects/NasaProject/scripts/raw_images/Kepler-61_Kepler_phase_binned.png,1,1
Kepler-61,Kepler,1,C:/Users/tosun/PycharmProjects/NasaProject/scripts/raw_images/Kepler-61_Kepler_phase_binned.png,1,1
Kepler-62,Kepler,1,C:/Users/tosun/PycharmProjects/NasaProject/scripts/raw_images/Kepler-62_Kepler_phase.png,0,1
Kepler-6,Kepler,1,C:/Users/tosun/PycharmProjects/NasaProject/scripts/raw_images/Kepler-62_Kepler_phase.png,0,1
Kepler-62,Kepler,1,C:/Users/tosun/PycharmProjects/NasaProject/scripts/raw_images/Kepler-62_Kepler_phase_binned.png,1,1
Kepler-6,Kepler,1,C:/Users/tosun/PycharmProjects/NasaProject/scripts/raw_images/Kepler-62_Kepler_phase_binned.png,1,1
Kepler-6,Kepler,1,C:/Users/tosun/PycharmProjects/NasaProject/scripts/raw_images/Kepler-63_Kepler_phase.png,0,1
Kepler-63,Kepler,1,C:/Users/tosun/PycharmProjects/NasaProject/scripts/raw_images/Kepler-63_Kepler_phase.png,0,1
Kepler-6,Kepler,1,C:/Users/tosun/PycharmProjects/NasaProject/scripts/raw_images/Kepler-63_Kepler_phase_binned.png,1,1
Kepler-63,Kepler,1,C:/Users/tosun/PycharmProjects/NasaProject/scripts/raw_images/Kepler-63_Kepler_phase_binned.png,1,1
Kepler-6,Kepler,1,C:/Users/tosun/PycharmProjects/NasaProject/scripts/raw_images/Kepler-64_Kepler_phase.png,0,1
Kepler-64,Kepler,1,C:/Users/tosun/PycharmProjects/NasaProject/scripts/raw_images/Kepler-64_Kepler_phase.png,0,1
Kepler-6,Kepler,1,C:/Users/tosun/PycharmProjects/NasaProject/scripts/raw_images/Kepler-64_Kepler_phase_binned.png,1,1
Kepler-64,Kepler,1,C:/Users/tosun/PycharmProjects/NasaProject/scripts/raw_images/Kepler-64_Kepler_phase_binned.png,1,1
Kepler-6,Kepler,1,C:/Users/tosun/PycharmProjects/NasaProject/scripts/raw_images/Kepler-65_Kepler_phase.png,0,1
Kepler-65,Kepler,1,C:/Users/tosun/PycharmProjects/NasaProject/scripts/raw_images/Kepler-65_Kepler_phase.png,0,1
Kepler-6,Kepler,1,C:/Users/tosun/PycharmProjects/NasaProject/scripts/raw_images/Kepler-65_Kepler_phase_binned.png,1,1
Kepler-65,Kepler,1,C:/Users/tosun/PycharmProjects/NasaProject/scripts/raw_images/Kepler-65_Kepler_phase_binned.png,1,1
Kepler-6,Kepler,1,C:/Users/tosun/PycharmProjects/NasaProject/scripts/raw_images/Kepler-66_Kepler_phase.png,0,1
Kepler-66,Kepler,1,C:/Users/tosun/PycharmProjects/NasaProject/scripts/raw_images/Kepler-66_Kepler_phase.png,0,1
Kepler-6,Kepler,1,C:/Users/tosun/PycharmProjects/NasaProject/scripts/raw_images/Kepler-66_Kepler_phase_binned.png,1,1
Kepler-66,Kepler,1,C:/Users/tosun/PycharmProjects/NasaProject/scripts/raw_images/Kepler-66_Kepler_phase_binned.png,1,1
Kepler-6,Kepler,1,C:/Users/tosun/PycharmProjects/NasaProject/scripts/raw_images/Kepler-67_Kepler_phase.png,0,1
Kepler-67,Kepler,1,C:/Users/tosun/PycharmProjects/NasaProject/scripts/raw_images/Kepler-67_Kepler_phase.png,0,1
Kepler-6,Kepler,1,C:/Users/tosun/PycharmProjects/NasaProject/scripts/raw_images/Kepler-67_Kepler_phase_binned.png,1,1
Kepler-67,Kepler,1,C:/Users/tosun/PycharmProjects/NasaProject/scripts/raw_images/Kepler-67_Kepler_phase_binned.png,1,1
Kepler-6,Kepler,1,C:/Users/tosun/PycharmProjects/NasaProject/scripts/raw_images/Kepler-68_Kepler_phase.png,0,1
Kepler-68,Kepler,1,C:/Users/tosun/PycharmProjects/NasaProject/scripts/raw_images/Kepler-68_Kepler_phase.png,0,1
Kepler-6,Kepler,1,C:/Users/tosun/PycharmProjects/NasaProject/scripts/raw_images/Kepler-68_Kepler_phase_binned.png,1,1
Kepler-68,Kepler,1,C:/Users/tosun/PycharmProjects/NasaProject/scripts/raw_images/Kepler-68_Kepler_phase_binned.png,1,1
Kepler-69,Kepler,1,C:/Users/tosun/PycharmProjects/NasaProject/scripts/raw_images/Kepler-69_Kepler_phase.png,0,1
Kepler-6,Kepler,1,C:/Users/tosun/PycharmProjects/NasaProject/scripts/raw_images/Kepler-69_Kepler_phase.png,0,1
Kepler-69,Kepler,1,C:/Users/tosun/PycharmProjects/NasaProject/scripts/raw_images/Kepler-69_Kepler_phase_binned.png,1,1
Kepler-6,Kepler,1,C:/Users/tosun/PycharmProjects/NasaProject/scripts/raw_images/Kepler-69_Kepler_phase_binned.png,1,1
Kepler-6,Kepler,1,C:/Users/tosun/PycharmProjects/NasaProject/scripts/raw_images/Kepler-6_Kepler_phase.png,0,1
Kepler-6,Kepler,1,C:/Users/tosun/PycharmProjects/NasaProject/scripts/raw_images/Kepler-6_Kepler_phase_binned.png,1,1
Kepler-7,Kepler,1,C:/Users/tosun/PycharmProjects/NasaProject/scripts/raw_images/Kepler-70_Kepler_phase.png,0,1
Kepler-70,Kepler,1,C:/Users/tosun/PycharmProjects/NasaProject/scripts/raw_images/Kepler-70_Kepler_phase.png,0,1
Kepler-7,Kepler,1,C:/Users/tosun/PycharmProjects/NasaProject/scripts/raw_images/Kepler-70_Kepler_phase_binned.png,1,1
Kepler-70,Kepler,1,C:/Users/tosun/PycharmProjects/NasaProject/scripts/raw_images/Kepler-70_Kepler_phase_binned.png,1,1
Kepler-7,Kepler,1,C:/Users/tosun/PycharmProjects/NasaProject/scripts/raw_images/Kepler-71_Kepler_phase.png,0,1
Kepler-71,Kepler,1,C:/Users/tosun/PycharmProjects/NasaProject/scripts/raw_images/Kepler-71_Kepler_phase.png,0,1
Kepler-7,Kepler,1,C:/Users/tosun/PycharmProjects/NasaProject/scripts/raw_images/Kepler-71_Kepler_phase_binned.png,1,1
Kepler-71,Kepler,1,C:/Users/tosun/PycharmProjects/NasaProject/scripts/raw_images/Kepler-71_Kepler_phase_binned.png,1,1
Kepler-7,Kepler,1,C:/Users/tosun/PycharmProjects/NasaProject/scripts/raw_images/Kepler-74_Kepler_phase.png,0,1
Kepler-74,Kepler,1,C:/Users/tosun/PycharmProjects/NasaProject/scripts/raw_images/Kepler-74_Kepler_phase.png,0,1
Kepler-7,Kepler,1,C:/Users/tosun/PycharmProjects/NasaProject/scripts/raw_images/Kepler-74_Kepler_phase_binned.png,1,1
Kepler-74,Kepler,1,C:/Users/tosun/PycharmProjects/NasaProject/scripts/raw_images/Kepler-74_Kepler_phase_binned.png,1,1
Kepler-7,Kepler,1,C:/Users/tosun/PycharmProjects/NasaProject/scripts/raw_images/Kepler-75_Kepler_phase.png,0,1
Kepler-75,Kepler,1,C:/Users/tosun/PycharmProjects/NasaProject/scripts/raw_images/Kepler-75_Kepler_phase.png,0,1
Kepler-7,Kepler,1,C:/Users/tosun/PycharmProjects/NasaProject/scripts/raw_images/Kepler-75_Kepler_phase_binned.png,1,1
Kepler-75,Kepler,1,C:/Users/tosun/PycharmProjects/NasaProject/scripts/raw_images/Kepler-75_Kepler_phase_binned.png,1,1
Kepler-7,Kepler,1,C:/Users/tosun/PycharmProjects/NasaProject/scripts/raw_images/Kepler-76_Kepler_phase.png,0,1
Kepler-76,Kepler,1,C:/Users/tosun/PycharmProjects/NasaProject/scripts/raw_images/Kepler-76_Kepler_phase.png,0,1
Kepler-7,Kepler,1,C:/Users/tosun/PycharmProjects/NasaProject/scripts/raw_images/Kepler-76_Kepler_phase_binned.png,1,1
Kepler-76,Kepler,1,C:/Users/tosun/PycharmProjects/NasaProject/scripts/raw_images/Kepler-76_Kepler_phase_binned.png,1,1
Kepler-7,Kepler,1,C:/Users/tosun/PycharmProjects/NasaProject/scripts/raw_images/Kepler-77_Kepler_phase.png,0,1
Kepler-77,Kepler,1,C:/Users/tosun/PycharmProjects/NasaProject/scripts/raw_images/Kepler-77_Kepler_phase.png,0,1
Kepler-7,Kepler,1,C:/Users/tosun/PycharmProjects/NasaProject/scripts/raw_images/Kepler-77_Kepler_phase_binned.png,1,1
Kepler-77,Kepler,1,C:/Users/tosun/PycharmProjects/NasaProject/scripts/raw_images/Kepler-77_Kepler_phase_binned.png,1,1
Kepler-78,Kepler,1,C:/Users/tosun/PycharmProjects/NasaProject/scripts/raw_images/Kepler-78_Kepler_phase.png,0,1
Kepler-7,Kepler,1,C:/Users/tosun/PycharmProjects/NasaProject/scripts/raw_images/Kepler-78_Kepler_phase.png,0,1
Kepler-78,Kepler,1,C:/Users/tosun/PycharmProjects/NasaProject/scripts/raw_images/Kepler-78_Kepler_phase_binned.png,1,1
Kepler-7,Kepler,1,C:/Users/tosun/PycharmProjects/NasaProject/scripts/raw_images/Kepler-78_Kepler_phase_binned.png,1,1
Kepler-7,Kepler,1,C:/Users/tosun/PycharmProjects/NasaProject/scripts/raw_images/Kepler-79_Kepler_phase.png,0,1
Kepler-79,Kepler,1,C:/Users/tosun/PycharmProjects/NasaProject/scripts/raw_images/Kepler-79_Kepler_phase.png,0,1
Kepler-7,Kepler,1,C:/Users/tosun/PycharmProjects/NasaProject/scripts/raw_images/Kepler-79_Kepler_phase_binned.png,1,1
Kepler-79,Kepler,1,C:/Users/tosun/PycharmProjects/NasaProject/scripts/raw_images/Kepler-79_Kepler_phase_binned.png,1,1
Kepler-7,Kepler,1,C:/Users/tosun/PycharmProjects/NasaProject/scripts/raw_images/Kepler-7_Kepler_phase.png,0,1
Kepler-7,Kepler,1,C:/Users/tosun/PycharmProjects/NasaProject/scripts/raw_images/Kepler-7_Kepler_phase_binned.png,1,1
Kepler-80,Kepler,1,C:/Users/tosun/PycharmProjects/NasaProject/scripts/raw_images/Kepler-80_Kepler_phase.png,0,1
Kepler-8,Kepler,1,C:/Users/tosun/PycharmProjects/NasaProject/scripts/raw_images/Kepler-80_Kepler_phase.png,0,1
Kepler-80,Kepler,1,C:/Users/tosun/PycharmProjects/NasaProject/scripts/raw_images/Kepler-80_Kepler_phase_binned.png,1,1
Kepler-8,Kepler,1,C:/Users/tosun/PycharmProjects/NasaProject/scripts/raw_images/Kepler-80_Kepler_phase_binned.png,1,1
Kepler-8,Kepler,1,C:/Users/tosun/PycharmProjects/NasaProject/scripts/raw_images/Kepler-81_Kepler_phase.png,0,1
Kepler-81,Kepler,1,C:/Users/tosun/PycharmProjects/NasaProject/scripts/raw_images/Kepler-81_Kepler_phase.png,0,1
Kepler-8,Kepler,1,C:/Users/tosun/PycharmProjects/NasaProject/scripts/raw_images/Kepler-81_Kepler_phase_binned.png,1,1
Kepler-81,Kepler,1,C:/Users/tosun/PycharmProjects/NasaProject/scripts/raw_images/Kepler-81_Kepler_phase_binned.png,1,1
Kepler-8,Kepler,1,C:/Users/tosun/PycharmProjects/NasaProject/scripts/raw_images/Kepler-82_Kepler_phase.png,0,1
Kepler-82,Kepler,1,C:/Users/tosun/PycharmProjects/NasaProject/scripts/raw_images/Kepler-82_Kepler_phase.png,0,1
Kepler-8,Kepler,1,C:/Users/tosun/PycharmProjects/NasaProject/scripts/raw_images/Kepler-82_Kepler_phase_binned.png,1,1
Kepler-82,Kepler,1,C:/Users/tosun/PycharmProjects/NasaProject/scripts/raw_images/Kepler-82_Kepler_phase_binned.png,1,1
Kepler-8,Kepler,1,C:/Users/tosun/PycharmProjects/NasaProject/scripts/raw_images/Kepler-83_Kepler_phase.png,0,1
Kepler-83,Kepler,1,C:/Users/tosun/PycharmProjects/NasaProject/scripts/raw_images/Kepler-83_Kepler_phase.png,0,1
Kepler-8,Kepler,1,C:/Users/tosun/PycharmProjects/NasaProject/scripts/raw_images/Kepler-83_Kepler_phase_binned.png,1,1
Kepler-83,Kepler,1,C:/Users/tosun/PycharmProjects/NasaProject/scripts/raw_images/Kepler-83_Kepler_phase_binned.png,1,1
Kepler-8,Kepler,1,C:/Users/tosun/PycharmProjects/NasaProject/scripts/raw_images/Kepler-84_Kepler_phase.png,0,1
Kepler-84,Kepler,1,C:/Users/tosun/PycharmProjects/NasaProject/scripts/raw_images/Kepler-84_Kepler_phase.png,0,1
Kepler-8,Kepler,1,C:/Users/tosun/PycharmProjects/NasaProject/scripts/raw_images/Kepler-84_Kepler_phase_binned.png,1,1
Kepler-84,Kepler,1,C:/Users/tosun/PycharmProjects/NasaProject/scripts/raw_images/Kepler-84_Kepler_phase_binned.png,1,1
Kepler-8,Kepler,1,C:/Users/tosun/PycharmProjects/NasaProject/scripts/raw_images/Kepler-85_Kepler_phase.png,0,1
Kepler-85,Kepler,1,C:/Users/tosun/PycharmProjects/NasaProject/scripts/raw_images/Kepler-85_Kepler_phase.png,0,1
Kepler-8,Kepler,1,C:/Users/tosun/PycharmProjects/NasaProject/scripts/raw_images/Kepler-85_Kepler_phase_binned.png,1,1
Kepler-85,Kepler,1,C:/Users/tosun/PycharmProjects/NasaProject/scripts/raw_images/Kepler-85_Kepler_phase_binned.png,1,1
Kepler-8,Kepler,1,C:/Users/tosun/PycharmProjects/NasaProject/scripts/raw_images/Kepler-86_Kepler_phase.png,0,1
Kepler-86,Kepler,1,C:/Users/tosun/PycharmProjects/NasaProject/scripts/raw_images/Kepler-86_Kepler_phase.png,0,1
Kepler-8,Kepler,1,C:/Users/tosun/PycharmProjects/NasaProject/scripts/raw_images/Kepler-86_Kepler_phase_binned.png,1,1
Kepler-86,Kepler,1,C:/Users/tosun/PycharmProjects/NasaProject/scripts/raw_images/Kepler-86_Kepler_phase_binned.png,1,1
Kepler-8,Kepler,1,C:/Users/tosun/PycharmProjects/NasaProject/scripts/raw_images/Kepler-87_Kepler_phase.png,0,1
Kepler-87,Kepler,1,C:/Users/tosun/PycharmProjects/NasaProject/scripts/raw_images/Kepler-87_Kepler_phase.png,0,1
Kepler-8,Kepler,1,C:/Users/tosun/PycharmProjects/NasaProject/scripts/raw_images/Kepler-87_Kepler_phase_binned.png,1,1
Kepler-87,Kepler,1,C:/Users/tosun/PycharmProjects/NasaProject/scripts/raw_images/Kepler-87_Kepler_phase_binned.png,1,1
Kepler-8,Kepler,1,C:/Users/tosun/PycharmProjects/NasaProject/scripts/raw_images/Kepler-88_Kepler_phase.png,0,1
Kepler-88,Kepler,1,C:/Users/tosun/PycharmProjects/NasaProject/scripts/raw_images/Kepler-88_Kepler_phase.png,0,1
Kepler-8,Kepler,1,C:/Users/tosun/PycharmProjects/NasaProject/scripts/raw_images/Kepler-88_Kepler_phase_binned.png,1,1
Kepler-88,Kepler,1,C:/Users/tosun/PycharmProjects/NasaProject/scripts/raw_images/Kepler-88_Kepler_phase_binned.png,1,1
Kepler-89,Kepler,1,C:/Users/tosun/PycharmProjects/NasaProject/scripts/raw_images/Kepler-89_Kepler_phase.png,0,1
Kepler-8,Kepler,1,C:/Users/tosun/PycharmProjects/NasaProject/scripts/raw_images/Kepler-89_Kepler_phase.png,0,1
Kepler-89,Kepler,1,C:/Users/tosun/PycharmProjects/NasaProject/scripts/raw_images/Kepler-89_Kepler_phase_binned.png,1,1
Kepler-8,Kepler,1,C:/Users/tosun/PycharmProjects/NasaProject/scripts/raw_images/Kepler-89_Kepler_phase_binned.png,1,1
Kepler-8,Kepler,1,C:/Users/tosun/PycharmProjects/NasaProject/scripts/raw_images/Kepler-8_Kepler_phase.png,0,1
Kepler-8,Kepler,1,C:/Users/tosun/PycharmProjects/NasaProject/scripts/raw_images/Kepler-8_Kepler_phase_binned.png,1,1
Kepler-90,Kepler,1,C:/Users/tosun/PycharmProjects/NasaProject/scripts/raw_images/Kepler-90_Kepler_phase.png,0,1
Kepler-9,Kepler,1,C:/Users/tosun/PycharmProjects/NasaProject/scripts/raw_images/Kepler-90_Kepler_phase.png,0,1
Kepler-90,Kepler,1,C:/Users/tosun/PycharmProjects/NasaProject/scripts/raw_images/Kepler-90_Kepler_phase_binned.png,1,1
Kepler-9,Kepler,1,C:/Users/tosun/PycharmProjects/NasaProject/scripts/raw_images/Kepler-90_Kepler_phase_binned.png,1,1
Kepler-91,Kepler,1,C:/Users/tosun/PycharmProjects/NasaProject/scripts/raw_images/Kepler-91_Kepler_phase.png,0,1
Kepler-9,Kepler,1,C:/Users/tosun/PycharmProjects/NasaProject/scripts/raw_images/Kepler-91_Kepler_phase.png,0,1
Kepler-91,Kepler,1,C:/Users/tosun/PycharmProjects/NasaProject/scripts/raw_images/Kepler-91_Kepler_phase_binned.png,1,1
Kepler-9,Kepler,1,C:/Users/tosun/PycharmProjects/NasaProject/scripts/raw_images/Kepler-91_Kepler_phase_binned.png,1,1
Kepler-9,Kepler,1,C:/Users/tosun/PycharmProjects/NasaProject/scripts/raw_images/Kepler-92_Kepler_phase.png,0,1
Kepler-92,Kepler,1,C:/Users/tosun/PycharmProjects/NasaProject/scripts/raw_images/Kepler-92_Kepler_phase.png,0,1
Kepler-9,Kepler,1,C:/Users/tosun/PycharmProjects/NasaProject/scripts/raw_images/Kepler-92_Kepler_phase_binned.png,1,1
Kepler-92,Kepler,1,C:/Users/tosun/PycharmProjects/NasaProject/scripts/raw_images/Kepler-92_Kepler_phase_binned.png,1,1
Kepler-9,Kepler,1,C:/Users/tosun/PycharmProjects/NasaProject/scripts/raw_images/Kepler-93_Kepler_phase.png,0,1
Kepler-93,Kepler,1,C:/Users/tosun/PycharmProjects/NasaProject/scripts/raw_images/Kepler-93_Kepler_phase.png,0,1
Kepler-9,Kepler,1,C:/Users/tosun/PycharmProjects/NasaProject/scripts/raw_images/Kepler-93_Kepler_phase_binned.png,1,1
Kepler-93,Kepler,1,C:/Users/tosun/PycharmProjects/NasaProject/scripts/raw_images/Kepler-93_Kepler_phase_binned.png,1,1
Kepler-9,Kepler,1,C:/Users/tosun/PycharmProjects/NasaProject/scripts/raw_images/Kepler-94_Kepler_phase.png,0,1
Kepler-94,Kepler,1,C:/Users/tosun/PycharmProjects/NasaProject/scripts/raw_images/Kepler-94_Kepler_phase.png,0,1
Kepler-9,Kepler,1,C:/Users/tosun/PycharmProjects/NasaProject/scripts/raw_images/Kepler-94_Kepler_phase_binned.png,1,1
Kepler-94,Kepler,1,C:/Users/tosun/PycharmProjects/NasaProject/scripts/raw_images/Kepler-94_Kepler_phase_binned.png,1,1
Kepler-9,Kepler,1,C:/Users/tosun/PycharmProjects/NasaProject/scripts/raw_images/Kepler-95_Kepler_phase.png,0,1
Kepler-95,Kepler,1,C:/Users/tosun/PycharmProjects/NasaProject/scripts/raw_images/Kepler-95_Kepler_phase.png,0,1
Kepler-9,Kepler,1,C:/Users/tosun/PycharmProjects/NasaProject/scripts/raw_images/Kepler-95_Kepler_phase_binned.png,1,1
Kepler-95,Kepler,1,C:/Users/tosun/PycharmProjects/NasaProject/scripts/raw_images/Kepler-95_Kepler_phase_binned.png,1,1
Kepler-9,Kepler,1,C:/Users/tosun/PycharmProjects/NasaProject/scripts/raw_images/Kepler-96_Kepler_phase.png,0,1
Kepler-96,Kepler,1,C:/Users/tosun/PycharmProjects/NasaProject/scripts/raw_images/Kepler-96_Kepler_phase.png,0,1
Kepler-9,Kepler,1,C:/Users/tosun/PycharmProjects/NasaProject/scripts/raw_images/Kepler-96_Kepler_phase_binned.png,1,1
Kepler-96,Kepler,1,C:/Users/tosun/PycharmProjects/NasaProject/scripts/raw_images/Kepler-96_Kepler_phase_binned.png,1,1
Kepler-9,Kepler,1,C:/Users/tosun/PycharmProjects/NasaProject/scripts/raw_images/Kepler-97_Kepler_phase.png,0,1
Kepler-97,Kepler,1,C:/Users/tosun/PycharmProjects/NasaProject/scripts/raw_images/Kepler-97_Kepler_phase.png,0,1
Kepler-9,Kepler,1,C:/Users/tosun/PycharmProjects/NasaProject/scripts/raw_images/Kepler-97_Kepler_phase_binned.png,1,1
Kepler-97,Kepler,1,C:/Users/tosun/PycharmProjects/NasaProject/scripts/raw_images/Kepler-97_Kepler_phase_binned.png,1,1
Kepler-9,Kepler,1,C:/Users/tosun/PycharmProjects/NasaProject/scripts/raw_images/Kepler-98_Kepler_phase.png,0,1
Kepler-98,Kepler,1,C:/Users/tosun/PycharmProjects/NasaProject/scripts/raw_images/Kepler-98_Kepler_phase.png,0,1
Kepler-9,Kepler,1,C:/Users/tosun/PycharmProjects/NasaProject/scripts/raw_images/Kepler-98_Kepler_phase_binned.png,1,1
Kepler-98,Kepler,1,C:/Users/tosun/PycharmProjects/NasaProject/scripts/raw_images/Kepler-98_Kepler_phase_binned.png,1,1
Kepler-9,Kepler,1,C:/Users/tosun/PycharmProjects/NasaProject/scripts/raw_images/Kepler-99_Kepler_phase.png,0,1
Kepler-99,Kepler,1,C:/Users/tosun/PycharmProjects/NasaProject/scripts/raw_images/Kepler-99_Kepler_phase.png,0,1
Kepler-9,Kepler,1,C:/Users/tosun/PycharmProjects/NasaProject/scripts/raw_images/Kepler-99_Kepler_phase_binned.png,1,1
Kepler-99,Kepler,1,C:/Users/tosun/PycharmProjects/NasaProject/scripts/raw_images/Kepler-99_Kepler_phase_binned.png,1,1
Kepler-9,Kepler,1,C:/Users/tosun/PycharmProjects/NasaProject/scripts/raw_images/Kepler-9_Kepler_phase.png,0,1
Kepler-9,Kepler,1,C:/Users/tosun/PycharmProjects/NasaProject/scripts/raw_images/Kepler-9_Kepler_phase_binned.png,1,1
TRAPPIST-1,TESS,1,C:/Users/tosun/PycharmProjects/NasaProject/scripts/raw_images/TRAPPIST-1_TESS_phase.png,0,1
TRAPPIST-1,TESS,1,C:/Users/tosun/PycharmProjects/NasaProject/scripts/raw_images/TRAPPIST-1_TESS_phase_binned.png,1,1
WASP-12,TESS,1,C:/Users/tosun/PycharmProjects/NasaProject/scripts/raw_images/WASP-121_TESS_phase.png,0,1
WASP-121,TESS,1,C:/Users/tosun/PycharmProjects/NasaProject/scripts/raw_images/WASP-121_TESS_phase.png,0,1
WASP-12,TESS,1,C:/Users/tosun/PycharmProjects/NasaProject/scripts/raw_images/WASP-121_TESS_phase_binned.png,1,1
WASP-121,TESS,1,C:/Users/tosun/PycharmProjects/NasaProject/scripts/raw_images/WASP-121_TESS_phase_binned.png,1,1
WASP-12,TESS,1,C:/Users/tosun/PycharmProjects/NasaProject/scripts/raw_images/WASP-12_TESS_phase.png,0,1
WASP-12,TESS,1,C:/Users/tosun/PycharmProjects/NasaProject/scripts/raw_images/WASP-12_TESS_phase_binned.png,1,1
WASP-18,TESS,1,C:/Users/tosun/PycharmProjects/NasaProject/scripts/raw_images/WASP-18_TESS_phase.png,0,1
WASP-18,TESS,1,C:/Users/tosun/PycharmProjects/NasaProject/scripts/raw_images/WASP-18_TESS_phase_binned.png,1,1
WASP-43,TESS,1,C:/Users/tosun/PycharmProjects/NasaProject/scripts/raw_images/WASP-43_TESS_phase.png,0,1
WASP-43,TESS,1,C:/Users/tosun/PycharmProjects/NasaProject/scripts/raw_images/WASP-43_TESS_phase_binned.png,1,1
WASP-77,TESS,1,C:/Users/tosun/PycharmProjects/NasaProject/scripts/raw_images/WASP-77_TESS_phase.png,0,1
WASP-77,TESS,1,C:/Users/tosun/PycharmProjects/NasaProject/scripts/raw_images/WASP-77_TESS_phase_binned.png,1,1
Kepler-440,Kepler Quarter 03,0,C:\Users\tosun\PycharmProjects\NasaProject\graphs\images\000000440.png,0,1
Kepler-441,Kepler Quarter 01,0,C:\Users\tosun\PycharmProjects\NasaProject\graphs\images\000000441.png,0,1
KIC 8462852,Kepler Quarter 03,0,C:\Users\tosun\PycharmProjects\NasaProject\graphs\images\008462852.png,0,1
TIC 12345,TESS Sector 11,0,C:\Users\tosun\PycharmProjects\NasaProject\graphs\images\000012345.png,0,1
kepler 1111,Kepler Quarter 01,0,C:\Users\tosun\PycharmProjects\NasaProject\graphs\images\000001111.png,0,1
Kepler-255,Kepler Quarter 03,0,C:\Users\tosun\PycharmProjects\NasaProject\graphs\images\000000255.png,0,1
Kepler-982,Kepler Quarter 00,0,C:\Users\tosun\PycharmProjects\NasaProject\graphs\images\000000982.png,0,1
